"lng","lat","time","elevation","date"
22.7423563222567,-32.2974020725005,"14:59:57",908.39999961853,"2024-01-28"
22.7423549811522,-32.2973988873772,"14:59:58",908.39999961853,"2024-01-28"
22.7423579986373,-32.2974010666721,"15:00:00",908.39999961853,"2024-01-28"
22.7423868323842,-32.2974085265659,"15:00:02",908.39999961853,"2024-01-28"
22.7424201923588,-32.2974162379168,"15:00:03",908.39999961853,"2024-01-28"
22.7426371160129,-32.2974987996631,"15:00:07",908.199999809265,"2024-01-28"
22.7429998847822,-32.2976927569024,"15:00:13",909,"2024-01-28"
22.743443455098,-32.2978737221919,"15:00:19",908.800000190735,"2024-01-28"
22.743961456714,-32.2980885503702,"15:00:25",907.599999904633,"2024-01-28"
22.7441348782906,-32.2981622272991,"15:00:27",907.199999809265,"2024-01-28"
22.7444780334065,-32.2983114251755,"15:00:31",907.599999904633,"2024-01-28"
22.7448628465811,-32.2984847629331,"15:00:35",907.599999904633,"2024-01-28"
22.7450648504475,-32.2985501417779,"15:00:37",907.599999904633,"2024-01-28"
22.7451681993136,-32.2985760418587,"15:00:38",907.199999809265,"2024-01-28"
22.745584193168,-32.2986261656396,"15:00:42",906,"2024-01-28"
22.7457704390565,-32.2986517304443,"15:00:44",906,"2024-01-28"
22.7459123446772,-32.298714259442,"15:00:46",905.800000190735,"2024-01-28"
22.7460074792782,-32.2988123277091,"15:00:48",905.599999904633,"2024-01-28"
22.7460565972308,-32.2989256510399,"15:00:50",905.199999809265,"2024-01-28"
22.7460332117209,-32.2992303332202,"15:00:55",905,"2024-01-28"
22.7459105844775,-32.2997633384429,"15:01:04",906.400000095367,"2024-01-28"
22.7459244984368,-32.2998239396028,"15:01:05",906.599999904633,"2024-01-28"
22.7460443596521,-32.3000504186265,"15:01:09",907,"2024-01-28"
22.7463261592368,-32.3004052245878,"15:01:16",908,"2024-01-28"
22.7464401531199,-32.3005444479995,"15:01:19",908,"2024-01-28"
22.7465932904909,-32.3007603658252,"15:01:24",908.39999961853,"2024-01-28"
22.7466135746965,-32.3007959889136,"15:01:25",908.60000038147,"2024-01-28"
22.7466447553763,-32.3009072167687,"15:01:28",908.800000190735,"2024-01-28"
22.7466391395012,-32.3009854199253,"15:01:30",909.199999809265,"2024-01-28"
22.7465932904909,-32.3012490307801,"15:01:36",910,"2024-01-28"
22.7465889319012,-32.3013460093998,"15:01:38",910,"2024-01-28"
22.7465925361196,-32.3016787709557,"15:01:45",909.199999809265,"2024-01-28"
22.7465411550531,-32.3020421264582,"15:01:52",908.199999809265,"2024-01-28"
22.7465086332688,-32.3022127820067,"15:01:55",908,"2024-01-28"
22.7464761953035,-32.3024349024408,"15:01:59",908,"2024-01-28"
22.7464633709917,-32.3026546759419,"15:02:03",907.400000095367,"2024-01-28"
22.7464458528141,-32.3027809912227,"15:02:05",906.800000190735,"2024-01-28"
22.7464718367139,-32.302998333972,"15:02:09",906.400000095367,"2024-01-28"
22.7464756923894,-32.3031016828381,"15:02:11",905.800000190735,"2024-01-28"
22.7464122413823,-32.3034392220788,"15:02:18",906.199999809265,"2024-01-28"
22.7464713337997,-32.3038246219866,"15:02:26",908,"2024-01-28"
22.7464751894752,-32.3039546253048,"15:02:29",908.39999961853,"2024-01-28"
22.746440404577,-32.3040395339839,"15:02:31",908.199999809265,"2024-01-28"
22.7463510534892,-32.3043707867973,"15:02:38",908,"2024-01-28"
22.7462224750945,-32.3046935738884,"15:02:45",908.39999961853,"2024-01-28"
22.7462057951072,-32.3047346452139,"15:02:46",908.39999961853,"2024-01-28"
22.746199927775,-32.3047768900059,"15:02:47",908.39999961853,"2024-01-28"
22.7461651428769,-32.3050484636687,"15:02:54",909,"2024-01-28"
22.7460897057483,-32.3052010143064,"15:02:59",908.60000038147,"2024-01-28"
22.7460771328936,-32.3052510542683,"15:03:01",908.39999961853,"2024-01-28"
22.7459802380929,-32.3054689837508,"15:03:07",907.800000190735,"2024-01-28"
22.7459158650765,-32.3056511225067,"15:03:12",907.599999904633,"2024-01-28"
22.7459019511173,-32.3056865779571,"15:03:13",907.800000190735,"2024-01-28"
22.7458570241163,-32.3058495221548,"15:03:17",908.199999809265,"2024-01-28"
22.7458198084662,-32.3059415554516,"15:03:19",908.199999809265,"2024-01-28"
22.7457504063079,-32.3061153961234,"15:03:23",908,"2024-01-28"
22.7457483946512,-32.3061851335578,"15:03:25",908,"2024-01-28"
22.7457508254031,-32.306230647292,"15:03:29",908.199999809265,"2024-01-28"
22.7457307926545,-32.3062283841781,"15:03:35",908.199999809265,"2024-01-28"
22.7456935770044,-32.3062339162342,"15:03:40",908.199999809265,"2024-01-28"
22.745631550921,-32.3062647616379,"15:03:46",908.39999961853,"2024-01-28"
22.745620989723,-32.3062842914723,"15:03:47",908.39999961853,"2024-01-28"
22.7455777391026,-32.3064392728619,"15:03:53",909,"2024-01-28"
22.7455092589537,-32.3066628182195,"15:03:59",909.800000190735,"2024-01-28"
22.745430720521,-32.306891225081,"15:04:04",909.60000038147,"2024-01-28"
22.745446562318,-32.306928356912,"15:04:05",909.39999961853,"2024-01-28"
22.7454646672288,-32.3069557657354,"15:04:06",909.199999809265,"2024-01-28"
22.7454701154659,-32.3070679155998,"15:04:10",909,"2024-01-28"
22.7454899805764,-32.3072663990669,"15:04:17",909,"2024-01-28"
22.7455570358018,-32.3074439277761,"15:04:23",909.60000038147,"2024-01-28"
22.7455592989156,-32.307515090134,"15:04:28",909.800000190735,"2024-01-28"
22.7455352428535,-32.3075326921307,"15:04:33",909.800000190735,"2024-01-28"
22.7455426189283,-32.3075400682055,"15:04:38",909.800000190735,"2024-01-28"
22.7455456364134,-32.3075380565487,"15:04:44",909.800000190735,"2024-01-28"
22.7455941676328,-32.3076325205974,"15:05:04",909.39999961853,"2024-01-28"
22.7457237518558,-32.3078713210188,"15:05:11",909,"2024-01-28"
22.7458540066311,-32.308048933547,"15:05:16",908,"2024-01-28"
22.7459316230545,-32.3081672860198,"15:05:19",908,"2024-01-28"
22.7461168631146,-32.3084494208805,"15:05:26",908.39999961853,"2024-01-28"
22.7461420926431,-32.3084905760251,"15:05:27",908.60000038147,"2024-01-28"
22.7462643007914,-32.3086888918542,"15:05:32",910,"2024-01-28"
22.7464129957536,-32.3089723678194,"15:05:39",910.60000038147,"2024-01-28"
22.7464713337997,-32.3090827574842,"15:05:42",910,"2024-01-28"
22.746593709586,-32.3092306142561,"15:05:47",910,"2024-01-28"
22.7467537201176,-32.3094472864531,"15:05:53",909.199999809265,"2024-01-28"
22.7468374553302,-32.3096521401666,"15:05:58",909.39999961853,"2024-01-28"
22.7468556440601,-32.3096886852645,"15:05:59",909.60000038147,"2024-01-28"
22.7469058516601,-32.309809133213,"15:06:04",910.199999809265,"2024-01-28"
22.7469286504367,-32.3098450915776,"15:06:08",910.39999961853,"2024-01-28"
22.7469378705302,-32.3098626935743,"15:06:12",910.39999961853,"2024-01-28"
22.7469390439967,-32.3098749311529,"15:06:17",910.60000038147,"2024-01-28"
22.7469302429983,-32.3099369572364,"15:06:23",910.800000190735,"2024-01-28"
22.7469220287332,-32.3099657071643,"15:06:24",910.800000190735,"2024-01-28"
22.746942648215,-32.3101484326534,"15:06:28",911.199999809265,"2024-01-28"
22.7470474220047,-32.3106172324978,"15:06:37",910,"2024-01-28"
22.7471914231012,-32.3109034744911,"15:06:43",910.199999809265,"2024-01-28"
22.747439359797,-32.3114386590086,"15:06:54",912,"2024-01-28"
22.7475234302858,-32.3115395771228,"15:06:57",913,"2024-01-28"
22.7475694469342,-32.3115445224457,"15:06:58",913.199999809265,"2024-01-28"
22.7477905615399,-32.3115465341024,"15:07:01",914,"2024-01-28"
22.7478654119352,-32.3115436004363,"15:07:02",914.199999809265,"2024-01-28"
22.7480213153342,-32.311553407263,"15:07:04",915.199999809265,"2024-01-28"
22.7481834213415,-32.3115950653218,"15:07:06",916,"2024-01-28"
22.7485006763766,-32.3116757830493,"15:07:10",917.39999961853,"2024-01-28"
22.7487382195125,-32.311714507442,"15:07:13",918,"2024-01-28"
22.7490148223171,-32.3117283375822,"15:07:16",918,"2024-01-28"
22.7492088633755,-32.3117588477098,"15:07:18",917.60000038147,"2024-01-28"
22.7496472369114,-32.3118136653565,"15:07:23",917.39999961853,"2024-01-28"
22.7497331514189,-32.3118268249445,"15:07:24",917.39999961853,"2024-01-28"
22.7498568683097,-32.311881139677,"15:07:26",917.200000762939,"2024-01-28"
22.749881259648,-32.3119220433645,"15:07:27",917.200000762939,"2024-01-28"
22.749891988484,-32.311968227651,"15:07:28",917.200000762939,"2024-01-28"
22.7499015438536,-32.3121344407909,"15:07:31",917.799999237061,"2024-01-28"
22.7498887195418,-32.3121753444784,"15:07:32",918.200000762939,"2024-01-28"
22.7498328122476,-32.3124652745091,"15:07:39",919,"2024-01-28"
22.7498057387004,-32.3128024784736,"15:07:47",918.200000762939,"2024-01-28"
22.7497697803358,-32.3132058156543,"15:07:56",916.799999237061,"2024-01-28"
22.7497601411471,-32.3136414231621,"15:08:06",917.39999961853,"2024-01-28"
22.7497643320987,-32.313939818915,"15:08:13",918.799999237061,"2024-01-28"
22.7497559501955,-32.3140796290599,"15:08:16",918.799999237061,"2024-01-28"
22.7497394378463,-32.3142673836909,"15:08:20",918.60000038147,"2024-01-28"
22.7497215005735,-32.3144290706031,"15:08:24",918.39999961853,"2024-01-28"
22.7497006296346,-32.3146046714746,"15:08:28",918.39999961853,"2024-01-28"
22.7496978636066,-32.3146483411901,"15:08:29",918.60000038147,"2024-01-28"
22.7496871347705,-32.3147439787053,"15:08:31",919,"2024-01-28"
22.7496642521748,-32.3151294624321,"15:08:40",920,"2024-01-28"
22.7496556188146,-32.3152130300068,"15:08:42",920,"2024-01-28"
22.7496036510149,-32.3154053946845,"15:08:46",920,"2024-01-28"
22.7495733923445,-32.3156949056201,"15:08:52",920,"2024-01-28"
22.7495709615925,-32.3157453646772,"15:08:53",920,"2024-01-28"
22.7495809360573,-32.3159412497543,"15:08:58",920,"2024-01-28"
22.7496147989461,-32.3159967379533,"15:09:00",920,"2024-01-28"
22.7497048205862,-32.316030433204,"15:09:02",919.799999237061,"2024-01-28"
22.7497661761174,-32.3160222189389,"15:09:03",919.60000038147,"2024-01-28"
22.7501498996446,-32.3159144276641,"15:09:08",919,"2024-01-28"
22.7505142609755,-32.3157705103867,"15:09:12",919,"2024-01-28"
22.750655747501,-32.3156779741757,"15:09:14",919,"2024-01-28"
22.7509111440906,-32.3154162073396,"15:09:19",919,"2024-01-28"
22.7511697258035,-32.315279833775,"15:09:23",919,"2024-01-28"
22.7512332606295,-32.3152657521777,"15:09:24",919,"2024-01-28"
22.7517179022709,-32.3151269478612,"15:09:29",919.200000762939,"2024-01-28"
22.7520002885888,-32.3150512592755,"15:09:32",919,"2024-01-28"
22.7526868502775,-32.3148694557958,"15:09:40",919.200000762939,"2024-01-28"
22.7533494397232,-32.314653370332,"15:09:48",917.39999961853,"2024-01-28"
22.7535461629907,-32.3146194236241,"15:09:50",917,"2024-01-28"
22.7537675290534,-32.3146143106632,"15:09:52",917,"2024-01-28"
22.7539524338374,-32.3146436473243,"15:09:54",917,"2024-01-28"
22.7541486541906,-32.3147059248649,"15:09:56",917.200000762939,"2024-01-28"
22.7547082300464,-32.3149264527373,"15:10:03",917,"2024-01-28"
22.75529135905,-32.3151261096709,"15:10:11",917.39999961853,"2024-01-28"
22.755782790033,-32.3153205698244,"15:10:18",920,"2024-01-28"
22.7559364303181,-32.3154274390899,"15:10:21",919.799999237061,"2024-01-28"
22.7561225085685,-32.3155849350505,"15:10:25",920,"2024-01-28"
22.7564207366834,-32.3158555028849,"15:10:31",919.200000762939,"2024-01-28"
22.7566042165438,-32.3160259907954,"15:10:35",918.60000038147,"2024-01-28"
22.7566842637191,-32.3161083010845,"15:10:37",918.60000038147,"2024-01-28"
22.7567695914934,-32.316188851174,"15:10:39",918.60000038147,"2024-01-28"
22.7570746927688,-32.3164257237576,"15:10:45",918.799999237061,"2024-01-28"
22.7571381437758,-32.3164622688554,"15:10:46",919,"2024-01-28"
22.7576955403367,-32.3167633468174,"15:10:55",920,"2024-01-28"
22.7578136413524,-32.3169096948467,"15:10:59",919.39999961853,"2024-01-28"
22.7578498511741,-32.3169789293669,"15:11:01",919.39999961853,"2024-01-28"
22.7579241986552,-32.3170919174217,"15:11:04",919.799999237061,"2024-01-28"
22.7579635936001,-32.3171804303192,"15:11:06",919.39999961853,"2024-01-28"
22.7581020626405,-32.3174320550524,"15:11:13",919.39999961853,"2024-01-28"
22.7582204989323,-32.31770320962,"15:11:20",919.39999961853,"2024-01-28"
22.7582733049223,-32.3178255854063,"15:11:23",920,"2024-01-28"
22.7583734686652,-32.3180988354497,"15:11:29",920.60000038147,"2024-01-28"
22.7585006221363,-32.3184883424901,"15:11:37",919.200000762939,"2024-01-28"
22.7585518355647,-32.3186222853027,"15:11:40",917.60000038147,"2024-01-28"
22.7586416057477,-32.3189168253802,"15:11:47",915.60000038147,"2024-01-28"
22.7587980120609,-32.3192759899311,"15:11:56",916,"2024-01-28"
22.7589818271974,-32.3194670135044,"15:12:02",916.799999237061,"2024-01-28"
22.7592285904268,-32.3196291195117,"15:12:07",916.60000038147,"2024-01-28"
22.7596269822845,-32.3197314625494,"15:12:12",915.39999961853,"2024-01-28"
22.7602147213349,-32.3198454564326,"15:12:19",913.60000038147,"2024-01-28"
22.7605238459239,-32.3199006931745,"15:12:24",913.800000190735,"2024-01-28"
22.7608250915239,-32.32004477809,"15:12:30",914.199999809265,"2024-01-28"
22.7608918114731,-32.320346107509,"15:12:37",914.39999961853,"2024-01-28"
22.7608450404534,-32.3206366242729,"15:12:43",914.199999809265,"2024-01-28"
22.7607742971907,-32.3210190905146,"15:12:52",911.60000038147,"2024-01-28"
22.760783098189,-32.3212004748993,"15:12:58",911.199999809265,"2024-01-28"
22.7608355689028,-32.3214818553887,"15:13:06",912.199999809265,"2024-01-28"
22.760862474812,-32.3216742200665,"15:13:12",912.39999961853,"2024-01-28"
22.7608664143065,-32.32198988254,"15:13:20",912.39999961853,"2024-01-28"
22.7608784842471,-32.3223568422608,"15:13:30",911.60000038147,"2024-01-28"
22.7608812502751,-32.3226447606348,"15:13:38",912.60000038147,"2024-01-28"
22.7608923982063,-32.3229023365192,"15:13:44",912.60000038147,"2024-01-28"
22.7609052225182,-32.3233022371195,"15:13:54",910.39999961853,"2024-01-28"
22.7609225730578,-32.3235500899963,"15:14:00",909.39999961853,"2024-01-28"
22.7609385824928,-32.323699958425,"15:14:04",909,"2024-01-28"
22.7609385824928,-32.3237360844277,"15:14:05",909.199999809265,"2024-01-28"
22.7609280212948,-32.3241006133966,"15:14:14",910,"2024-01-28"
22.7610604553649,-32.324236316409,"15:14:18",911,"2024-01-28"
22.7612604475746,-32.3242685029172,"15:14:21",911.800000190735,"2024-01-28"
22.761771659849,-32.3242278506868,"15:14:28",912.60000038147,"2024-01-28"
22.7621502704153,-32.3242291917913,"15:14:34",914.800000190735,"2024-01-28"
22.7622810281048,-32.3242526611202,"15:14:37",915.39999961853,"2024-01-28"
22.7623759950677,-32.3242289403342,"15:14:39",915.800000190735,"2024-01-28"
22.7626742231825,-32.3242155292891,"15:14:44",917.60000038147,"2024-01-28"
22.7631054721007,-32.3242140205465,"15:14:50",918.60000038147,"2024-01-28"
22.7634716774503,-32.3242180438601,"15:14:55",917.200000762939,"2024-01-28"
22.7636973182837,-32.3242248332016,"15:14:58",916.39999961853,"2024-01-28"
22.7637785389254,-32.3242296947055,"15:14:59",916.200000762939,"2024-01-28"
22.7644378594289,-32.3242538345866,"15:15:07",914.199999809265,"2024-01-28"
22.7646765760312,-32.3242543375008,"15:15:10",914.199999809265,"2024-01-28"
22.7651493991891,-32.324246877607,"15:15:16",915.800000190735,"2024-01-28"
22.7655098210255,-32.3242348914854,"15:15:20",918.200000762939,"2024-01-28"
22.7656916245053,-32.3242387471609,"15:15:22",919.39999961853,"2024-01-28"
22.7662439081052,-32.3242384118848,"15:15:28",920.799999237061,"2024-01-28"
22.7665221872905,-32.3242432733886,"15:15:31",920.200000762939,"2024-01-28"
22.7675562626848,-32.3242556786053,"15:15:42",919.60000038147,"2024-01-28"
22.767924228234,-32.3242520743869,"15:15:46",918.200000762939,"2024-01-28"
22.7681771102527,-32.3242545889579,"15:15:49",918,"2024-01-28"
22.7682610131035,-32.3242517391108,"15:15:50",918,"2024-01-28"
22.7684213589111,-32.3242388309799,"15:15:52",917,"2024-01-28"
22.7685453272591,-32.3242035431676,"15:15:54",916.200000762939,"2024-01-28"
22.7686647693792,-32.3240703547262,"15:15:58",915.800000190735,"2024-01-28"
22.7686621709893,-32.3239120205753,"15:16:02",916.200000762939,"2024-01-28"
22.7686658590267,-32.323789728608,"15:16:05",916.200000762939,"2024-01-28"
22.7686909209171,-32.3234890697412,"15:16:12",916,"2024-01-28"
22.7686927649358,-32.3234445618354,"15:16:13",916,"2024-01-28"
22.768714390246,-32.3231323359423,"15:16:20",916.799999237061,"2024-01-28"
22.7687201737592,-32.323049858015,"15:16:22",916.39999961853,"2024-01-28"
22.768722185416,-32.3226511308812,"15:16:31",915.800000190735,"2024-01-28"
22.7687496780584,-32.3222085663937,"15:16:40",916.200000762939,"2024-01-28"
22.7687888215462,-32.3217383416258,"15:16:49",916.200000762939,"2024-01-28"
22.7688288032243,-32.3212386963777,"15:17:00",914.199999809265,"2024-01-28"
22.7688531107435,-32.3210889955871,"15:17:04",914.199999809265,"2024-01-28"
22.7688735625872,-32.3210269695036,"15:17:06",914.39999961853,"2024-01-28"
22.7689342475662,-32.3209876583778,"15:17:08",914.39999961853,"2024-01-28"
22.7689745645205,-32.3209843056165,"15:17:09",914.199999809265,"2024-01-28"
22.7690250235776,-32.3209921007864,"15:17:10",914,"2024-01-28"
22.7691106028089,-32.3210158215724,"15:17:13",914,"2024-01-28"
22.769105489848,-32.32103333975,"15:17:17",914,"2024-01-28"
22.769095012469,-32.3210416378342,"15:17:18",914,"2024-01-28"
22.7690840321759,-32.3210660291724,"15:17:28",914,"2024-01-28"
22.7692256863395,-32.3211348445974,"15:17:35",913.800000190735,"2024-01-28"
22.7695322125385,-32.3212591482215,"15:17:39",913.800000190735,"2024-01-28"
22.7697548358867,-32.3213247785233,"15:17:42",913.60000038147,"2024-01-28"
22.7699626232663,-32.321400550928,"15:17:45",913,"2024-01-28"
22.7700095619241,-32.3214206674956,"15:17:46",913,"2024-01-28"
22.7705807048062,-32.3216576238983,"15:17:55",912.800000190735,"2024-01-28"
22.7708480875174,-32.3217710310482,"15:17:59",913,"2024-01-28"
22.7711790888736,-32.3219087457173,"15:18:04",913,"2024-01-28"
22.7712307213971,-32.3219314606749,"15:18:05",913,"2024-01-28"
22.7717990144322,-32.3221338836365,"15:18:13",912.39999961853,"2024-01-28"
22.7720587696115,-32.3222290182375,"15:18:17",912.800000190735,"2024-01-28"
22.7722563310692,-32.3222954867296,"15:18:20",913,"2024-01-28"
22.7727798647413,-32.3224666451924,"15:18:28",912,"2024-01-28"
22.7729334212074,-32.3224958980344,"15:18:30",912,"2024-01-28"
22.7733526840041,-32.3225460218154,"15:18:35",912,"2024-01-28"
22.7736784885803,-32.3226193634682,"15:18:39",912,"2024-01-28"
22.7738049714992,-32.322671834182,"15:18:41",912,"2024-01-28"
22.7741197119633,-32.3228242171817,"15:18:46",912,"2024-01-28"
22.7742627910504,-32.3228795377426,"15:18:48",912,"2024-01-28"
22.77433294758,-32.322896385368,"15:18:49",912,"2024-01-28"
22.7744041937569,-32.3229090420418,"15:18:50",912,"2024-01-28"
22.7746387194077,-32.3229206090681,"15:18:53",912.800000190735,"2024-01-28"
22.7747191018591,-32.3229155799262,"15:18:54",912.800000190735,"2024-01-28"
22.7753677773455,-32.3229058569186,"15:19:02",911.39999961853,"2024-01-28"
22.7760001081208,-32.322909628775,"15:19:10",910.199999809265,"2024-01-28"
22.776074790878,-32.3229067789279,"15:19:11",910,"2024-01-28"
22.7764021041969,-32.3229059407376,"15:19:15",909.199999809265,"2024-01-28"
22.7768983128646,-32.322899151396,"15:19:21",909,"2024-01-28"
22.777224368898,-32.3228957986348,"15:19:25",909,"2024-01-28"
22.7773809428493,-32.3229040128999,"15:19:27",909,"2024-01-28"
22.7775945137421,-32.3229340201132,"15:19:30",909,"2024-01-28"
22.7778245131651,-32.3229778574668,"15:19:33",909,"2024-01-28"
22.7780544287691,-32.3230361955129,"15:19:37",909.199999809265,"2024-01-28"
22.7783767967651,-32.3231262171529,"15:19:43",909,"2024-01-28"
22.7786050359884,-32.3232546279095,"15:19:48",909.60000038147,"2024-01-28"
22.7787476121614,-32.3233321605139,"15:19:51",910,"2024-01-28"
22.7788082133213,-32.3233558812998,"15:19:52",910,"2024-01-28"
22.7790354467163,-32.3234563803189,"15:19:56",910.39999961853,"2024-01-28"
22.7792146518061,-32.3235639201366,"15:20:00",910.60000038147,"2024-01-28"
22.7796682804057,-32.3238325601332,"15:20:09",913,"2024-01-28"
22.7799397702495,-32.3240684268885,"15:20:15",914.199999809265,"2024-01-28"
22.7800303786228,-32.3241567721479,"15:20:17",914.39999961853,"2024-01-28"
22.7802438656965,-32.3243080655001,"15:20:21",914.199999809265,"2024-01-28"
22.780609903408,-32.3245082253479,"15:20:28",913.199999809265,"2024-01-28"
22.7808765317479,-32.3246442636363,"15:20:33",913,"2024-01-28"
22.7810807987282,-32.3247664717846,"15:20:37",912.60000038147,"2024-01-28"
22.7814674559215,-32.324965709623,"15:20:44",912.199999809265,"2024-01-28"
22.7819666820744,-32.3252839704864,"15:20:54",913,"2024-01-28"
22.7820912371555,-32.325349097874,"15:20:56",914,"2024-01-28"
22.7822814225385,-32.3254143090807,"15:20:59",914,"2024-01-28"
22.7824937361458,-32.3254715574794,"15:21:02",914.199999809265,"2024-01-28"
22.7827786370346,-32.3255191666894,"15:21:06",913.800000190735,"2024-01-28"
22.7832434135655,-32.3256435541324,"15:21:13",914.199999809265,"2024-01-28"
22.7837741556743,-32.3258464800082,"15:21:23",915,"2024-01-28"
22.7841431270519,-32.326033564087,"15:21:31",916,"2024-01-28"
22.7844917304048,-32.3261363262199,"15:21:37",915.800000190735,"2024-01-28"
22.7845968394706,-32.3261697700136,"15:21:39",915.39999961853,"2024-01-28"
22.7849872685203,-32.3263590333872,"15:21:47",914.60000038147,"2024-01-28"
22.7854226245711,-32.3265684971474,"15:21:55",914,"2024-01-28"
22.7857730719427,-32.3266892803721,"15:22:01",914.39999961853,"2024-01-28"
22.7860258701423,-32.326879130479,"15:22:07",915.199999809265,"2024-01-28"
22.7862936719487,-32.3271765204035,"15:22:14",916.200000762939,"2024-01-28"
22.7865067399273,-32.3274095373117,"15:22:20",916.60000038147,"2024-01-28"
22.7866274393329,-32.3275633452349,"15:22:24",917,"2024-01-28"
22.78684151314,-32.3278769122325,"15:22:31",916.799999237061,"2024-01-28"
22.7870564251373,-32.3281887190305,"15:22:38",916.60000038147,"2024-01-28"
22.7871275036762,-32.3283197281771,"15:22:41",916.39999961853,"2024-01-28"
22.7873009252528,-32.3286440240108,"15:22:49",916.200000762939,"2024-01-28"
22.7873203712681,-32.3286845086031,"15:22:50",916,"2024-01-28"
22.7874920326451,-32.3290009254478,"15:22:58",915.199999809265,"2024-01-28"
22.7877723234872,-32.3294517880194,"15:23:08",914.60000038147,"2024-01-28"
22.788060074223,-32.3298520238958,"15:23:18",915.199999809265,"2024-01-28"
22.788297784997,-32.3301793372147,"15:23:26",914.39999961853,"2024-01-28"
22.7884260281155,-32.3303551895432,"15:23:30",914,"2024-01-28"
22.7886796645055,-32.3307022841536,"15:23:38",914,"2024-01-28"
22.7887982684353,-32.3308686649315,"15:23:42",913.800000190735,"2024-01-28"
22.7889812453816,-32.3311151767038,"15:23:48",915.39999961853,"2024-01-28"
22.7891764599064,-32.3314043523632,"15:23:56",916.39999961853,"2024-01-28"
22.789320628641,-32.33174742366,"15:24:04",916,"2024-01-28"
22.7894331137816,-32.3319948574417,"15:24:11",916,"2024-01-28"
22.7894682339558,-32.3320140519999,"15:24:12",916,"2024-01-28"
22.7895609378049,-32.3320092743151,"15:24:14",916,"2024-01-28"
22.7896597604433,-32.3319415485375,"15:24:18",916.200000762939,"2024-01-28"
22.7898685536513,-32.3317964577936,"15:24:24",916.799999237061,"2024-01-28"
22.7900242894122,-32.3316538816206,"15:24:32",917.60000038147,"2024-01-28"
22.7901537898162,-32.3314930328988,"15:24:38",918.60000038147,"2024-01-28"
22.7902435599992,-32.3312819765769,"15:24:46",919,"2024-01-28"
22.7903691209087,-32.3310335369669,"15:24:54",918.39999961853,"2024-01-28"
22.7904779180119,-32.3308251628541,"15:25:01",918,"2024-01-28"
22.7904925863424,-32.3307974187546,"15:25:02",918,"2024-01-28"
22.790597192494,-32.3305799921863,"15:25:10",918.200000762939,"2024-01-28"
22.7906857892105,-32.3303607215993,"15:25:17",918.60000038147,"2024-01-28"
22.7907670936713,-32.3301028942578,"15:25:26",919,"2024-01-28"
22.7908113501201,-32.3299933427833,"15:25:30",918.799999237061,"2024-01-28"
22.7908485657701,-32.3299157263599,"15:25:33",918.39999961853,"2024-01-28"
22.7908707778135,-32.3298812767379,"15:25:35",918.200000762939,"2024-01-28"
22.7908734600226,-32.3298764990531,"15:25:39",918.200000762939,"2024-01-28"
22.7908634855578,-32.3298826178424,"15:25:43",918.39999961853,"2024-01-28"
22.7908951691518,-32.329889323365,"15:25:49",918.39999961853,"2024-01-28"
22.7908951691518,-32.329889323365,"15:25:53",918.39999961853,"2024-01-28"
22.7909319657067,-32.3298277163766,"15:25:59",918.200000762939,"2024-01-28"
22.7910792357454,-32.3296081943326,"15:26:05",918,"2024-01-28"
22.7912116698155,-32.3294379578792,"15:26:10",918.200000762939,"2024-01-28"
22.7912378213534,-32.3293748421483,"15:26:12",918.60000038147,"2024-01-28"
22.7912494721988,-32.329342488002,"15:26:13",918.60000038147,"2024-01-28"
22.7912691696713,-32.329284233775,"15:26:15",918.799999237061,"2024-01-28"
22.7912850114683,-32.3292284941189,"15:26:17",919,"2024-01-28"
22.7913042898456,-32.3291699884348,"15:26:19",919,"2024-01-28"
22.7913892823437,-32.3290360456221,"15:26:24",918.799999237061,"2024-01-28"
22.7916998318562,-32.3288415016495,"15:26:32",917.200000762939,"2024-01-28"
22.791984648926,-32.3286358097457,"15:26:41",915.39999961853,"2024-01-28"
22.7920601698736,-32.3284923115634,"15:26:47",914.800000190735,"2024-01-28"
22.7919310047457,-32.3283110948168,"15:26:53",915.800000190735,"2024-01-28"
22.7917998279611,-32.3281725419574,"15:26:59",916.39999961853,"2024-01-28"
22.7918650391677,-32.3280326479934,"15:27:04",916,"2024-01-28"
22.7922033327798,-32.3278965258859,"15:27:11",913.800000190735,"2024-01-28"
22.7924822825173,-32.3277742339187,"15:27:19",912.60000038147,"2024-01-28"
22.7925595636645,-32.327640291106,"15:27:25",911.800000190735,"2024-01-28"
22.7925151395777,-32.3274470044188,"15:27:32",911.800000190735,"2024-01-28"
22.7924537840465,-32.3272049350552,"15:27:41",912,"2024-01-28"
22.7924236930141,-32.3268671443574,"15:27:51",912.60000038147,"2024-01-28"
22.7923897463063,-32.3266218060516,"15:27:59",913.199999809265,"2024-01-28"
22.7923299833367,-32.3262561036162,"15:28:11",913.199999809265,"2024-01-28"
22.7923041670749,-32.3260747192316,"15:28:17",913,"2024-01-28"
22.7922719805667,-32.3259310534112,"15:28:22",912.39999961853,"2024-01-28"
22.7922820388505,-32.3256914147996,"15:28:31",912,"2024-01-28"
22.792441965563,-32.3256230184697,"15:28:35",912,"2024-01-28"
22.792880506737,-32.3255949390941,"15:28:42",912.800000190735,"2024-01-28"
22.7929643257687,-32.3255828691535,"15:28:43",912.800000190735,"2024-01-28"
22.7932996857146,-32.3255468269698,"15:28:48",913.39999961853,"2024-01-28"
22.7934405016879,-32.3255341702961,"15:28:50",913.60000038147,"2024-01-28"
22.7942514508197,-32.3254716412984,"15:29:02",913,"2024-01-28"
22.7945206775496,-32.3254566376917,"15:29:06",913,"2024-01-28"
22.7948748129586,-32.325441382628,"15:29:12",912.60000038147,"2024-01-28"
22.7952956683168,-32.3254109563194,"15:29:20",912.800000190735,"2024-01-28"
22.7958265780637,-32.3253425599896,"15:29:29",911.800000190735,"2024-01-28"
22.7962516243735,-32.3253496846073,"15:29:37",911,"2024-01-28"
22.7968593961725,-32.3252889158093,"15:29:48",909.800000190735,"2024-01-28"
22.7973435348997,-32.3252476768457,"15:29:56",909,"2024-01-28"
22.7974043875167,-32.3252412227802,"15:29:57",909,"2024-01-28"
22.7978364746252,-32.3252150712423,"15:30:04",909,"2024-01-28"
22.7981498739848,-32.3251978883408,"15:30:09",908.60000038147,"2024-01-28"
22.7983355331401,-32.3251910989992,"15:30:12",908.800000190735,"2024-01-28"
22.7987573943267,-32.3251767659448,"15:30:19",909.39999961853,"2024-01-28"
22.7989290557036,-32.3251620976143,"15:30:22",909.60000038147,"2024-01-28"
22.7994278627614,-32.325140304666,"15:30:31",909.800000190735,"2024-01-28"
22.7997981752435,-32.3251210262887,"15:30:38",909.800000190735,"2024-01-28"
22.799928932933,-32.3251166676991,"15:30:41",909.800000190735,"2024-01-28"
22.8000308568755,-32.3250842297338,"15:30:44",910,"2024-01-28"
22.8000390711406,-32.3250648675375,"15:30:45",910,"2024-01-28"
22.8000378976742,-32.3249768575542,"15:30:48",910.39999961853,"2024-01-28"
22.8000314436087,-32.3248832316958,"15:30:51",910.60000038147,"2024-01-28"
22.7999826609323,-32.3246376419328,"15:30:58",910.39999961853,"2024-01-28"
22.7999362251887,-32.3244075586908,"15:31:04",910,"2024-01-28"
22.7998747858385,-32.3240240028016,"15:31:14",909.199999809265,"2024-01-28"
22.7997993487099,-32.3235940111689,"15:31:24",910,"2024-01-28"
22.7997700958679,-32.3234790952765,"15:31:29",910,"2024-01-28"
22.7997488896528,-32.3234763292484,"15:31:38",910,"2024-01-28"
22.799797001777,-32.3234587272518,"15:31:48",910,"2024-01-28"
22.7997876140455,-32.3234186617546,"15:31:55",910,"2024-01-28"
22.7997436090538,-32.3232487605773,"15:32:00",910,"2024-01-28"
22.7997164516876,-32.3231561405473,"15:32:05",910,"2024-01-28"
22.7997183795253,-32.3231665341072,"15:32:16",910,"2024-01-28"
22.7997099138031,-32.3230846429132,"15:32:22",910,"2024-01-28"
22.7996888752261,-32.3230536298715,"15:32:23",910,"2024-01-28"
22.7996493126432,-32.3227994067483,"15:32:29",910,"2024-01-28"
22.7995742946098,-32.3224085586034,"15:32:37",910.39999961853,"2024-01-28"
22.7994944150725,-32.3219657426588,"15:32:45",909.60000038147,"2024-01-28"
22.7994391783306,-32.3215688595437,"15:32:52",909,"2024-01-28"
22.7994143678973,-32.3214520996325,"15:32:54",909,"2024-01-28"
22.7993784933517,-32.3212811926268,"15:32:57",909,"2024-01-28"
22.7993458877483,-32.3210553003363,"15:33:01",909,"2024-01-28"
22.7993096779266,-32.320837622311,"15:33:05",908.800000190735,"2024-01-28"
22.7992135374973,-32.3203587641828,"15:33:14",908.60000038147,"2024-01-28"
22.7991326521317,-32.3199190495424,"15:33:23",909.60000038147,"2024-01-28"
22.7990665189156,-32.3195733798556,"15:33:30",909.800000190735,"2024-01-28"
22.7989604878405,-32.319053869497,"15:33:40",911.60000038147,"2024-01-28"
22.7989315702746,-32.3188024962209,"15:33:45",912.60000038147,"2024-01-28"
22.7989131300876,-32.3186194354557,"15:33:49",913,"2024-01-28"
22.7989086038599,-32.3185336047672,"15:33:51",912.800000190735,"2024-01-28"
22.7988580609838,-32.3183048626296,"15:33:56",911.39999961853,"2024-01-28"
22.7988196718672,-32.3179361427091,"15:34:04",909.199999809265,"2024-01-28"
22.7987905028442,-32.31779323126,"15:34:07",908.800000190735,"2024-01-28"
22.7987551312128,-32.3175986034684,"15:34:11",908.800000190735,"2024-01-28"
22.7986685461531,-32.3171040711813,"15:34:21",908.39999961853,"2024-01-28"
22.7985852300355,-32.3166454134397,"15:34:30",909,"2024-01-28"
22.7985682147721,-32.3165983071439,"15:34:31",909,"2024-01-28"
22.7984952083955,-32.3161003382765,"15:34:41",910,"2024-01-28"
22.7984316735694,-32.3156255872809,"15:34:51",910.60000038147,"2024-01-28"
22.7983363713304,-32.3150892292969,"15:35:02",908,"2024-01-28"
22.7983303363601,-32.3150376805924,"15:35:03",908.199999809265,"2024-01-28"
22.7981792106459,-32.3145956190191,"15:35:12",909.39999961853,"2024-01-28"
22.7980965650806,-32.3145173320435,"15:35:14",909.39999961853,"2024-01-28"
22.7979835770259,-32.3144515341036,"15:35:16",909.199999809265,"2024-01-28"
22.7979238978753,-32.314420856338,"15:35:17",909.39999961853,"2024-01-28"
22.7974470514039,-32.3142355324589,"15:35:24",909,"2024-01-28"
22.7971069975922,-32.3141298366599,"15:35:29",908.199999809265,"2024-01-28"
22.7969392757097,-32.3140363784395,"15:35:32",908.199999809265,"2024-01-28"
22.7968839551488,-32.3139974025898,"15:35:33",908.199999809265,"2024-01-28"
22.7967001400123,-32.3137768747173,"15:35:38",906.800000190735,"2024-01-28"
22.7964188433418,-32.3133643174432,"15:35:47",904.800000190735,"2024-01-28"
22.7963049332777,-32.3131661692523,"15:35:51",904,"2024-01-28"
22.7961885086427,-32.3129916580282,"15:35:55",904,"2024-01-28"
22.7961004986594,-32.3128656780236,"15:35:58",904,"2024-01-28"
22.7958946391175,-32.3125386161618,"15:36:06",905.199999809265,"2024-01-28"
22.7956531564871,-32.3121619334333,"15:36:15",906,"2024-01-28"
22.7955465386788,-32.311989433866,"15:36:19",906,"2024-01-28"
22.7952843527475,-32.3115646390133,"15:36:30",907.599999904633,"2024-01-28"
22.7951151221225,-32.311320641812,"15:36:36",908.39999961853,"2024-01-28"
22.7950524254868,-32.3112084919475,"15:36:39",909.199999809265,"2024-01-28"
22.7949147946367,-32.3109857847803,"15:36:45",910.199999809265,"2024-01-28"
22.7947969450781,-32.3107493312918,"15:36:51",910.39999961853,"2024-01-28"
22.7946180752644,-32.3104759136103,"15:36:58",911,"2024-01-28"
22.7942826314995,-32.3099801240377,"15:37:10",911.60000038147,"2024-01-28"
22.7940922784785,-32.3096506314241,"15:37:18",910.60000038147,"2024-01-28"
22.7938783723096,-32.3093295207136,"15:37:25",910.39999961853,"2024-01-28"
22.7936215507964,-32.3089393431209,"15:37:34",910.39999961853,"2024-01-28"
22.7935936390588,-32.3088981879763,"15:37:35",910.199999809265,"2024-01-28"
22.7934786393473,-32.3087166359537,"15:37:39",910,"2024-01-28"
22.7933515696952,-32.3085102734976,"15:37:43",908.199999809265,"2024-01-28"
22.7931045550088,-32.3081325849407,"15:37:51",905.599999904633,"2024-01-28"
22.7928929119537,-32.3078045172505,"15:37:59",905,"2024-01-28"
22.7926592244933,-32.307446442347,"15:38:08",905,"2024-01-28"
22.7926324024031,-32.3074062930308,"15:38:09",905,"2024-01-28"
22.7924095275978,-32.3070762136839,"15:38:17",905.800000190735,"2024-01-28"
22.7920734970996,-32.3065665101521,"15:38:29",907.800000190735,"2024-01-28"
22.7919910191724,-32.3064430447184,"15:38:32",909.199999809265,"2024-01-28"
22.7917946311811,-32.306151270669,"15:38:39",911.60000038147,"2024-01-28"
22.7916694055477,-32.3059609176479,"15:38:44",912.800000190735,"2024-01-28"
22.7915074671785,-32.3056890925281,"15:38:51",914.800000190735,"2024-01-28"
22.7913676570336,-32.3054681455605,"15:38:57",915.199999809265,"2024-01-28"
22.7911465424279,-32.3051125014089,"15:39:06",913.39999961853,"2024-01-28"
22.7908659163097,-32.3047270176821,"15:39:14",912.60000038147,"2024-01-28"
22.7908040578643,-32.3046308772527,"15:39:16",912.60000038147,"2024-01-28"
22.7906285408119,-32.3043285420053,"15:39:23",914.39999961853,"2024-01-28"
22.7904743137935,-32.3040433058404,"15:39:29",915,"2024-01-28"
22.7902620001862,-32.303712053027,"15:39:37",915.800000190735,"2024-01-28"
22.7901116288433,-32.3035273158811,"15:39:42",917,"2024-01-28"
22.7898879996667,-32.3032067080848,"15:39:50",917.799999237061,"2024-01-28"
22.789595471246,-32.3028347192221,"15:39:58",916.799999237061,"2024-01-28"
22.7892780485729,-32.3023816773556,"15:40:08",915,"2024-01-28"
22.7890497255305,-32.3020388575159,"15:40:16",914.800000190735,"2024-01-28"
22.7889430239031,-32.3018596524261,"15:40:20",915,"2024-01-28"
22.7888421057889,-32.3017604106926,"15:40:23",915,"2024-01-28"
22.7887249267826,-32.3016787709557,"15:40:27",914.60000038147,"2024-01-28"
22.7886676783839,-32.3016710596048,"15:40:28",914.39999961853,"2024-01-28"
22.7883836156855,-32.3016838000976,"15:40:32",913.39999961853,"2024-01-28"
22.7879496845583,-32.3017968719714,"15:40:38",913,"2024-01-28"
22.7873077984134,-32.3019324073456,"15:40:47",913.199999809265,"2024-01-28"
22.7869112505743,-32.3019873926304,"15:40:53",913.199999809265,"2024-01-28"
22.7866991884241,-32.3020191600435,"15:40:56",913.60000038147,"2024-01-28"
22.786154448537,-32.3021007159613,"15:41:04",915,"2024-01-28"
22.7860837890932,-32.3021080920361,"15:41:05",915,"2024-01-28"
22.7855978901664,-32.3021754825376,"15:41:12",915,"2024-01-28"
22.7851150087247,-32.3021691122912,"15:41:20",914.60000038147,"2024-01-28"
22.7848340473304,-32.3021572099887,"15:41:25",914.39999961853,"2024-01-28"
22.7844086657444,-32.3022016340755,"15:41:29",913.39999961853,"2024-01-28"
22.7839429672042,-32.3023070784174,"15:41:34",912,"2024-01-28"
22.7835982195268,-32.3023915680014,"15:41:38",912.39999961853,"2024-01-28"
22.7833774401972,-32.3024361597262,"15:41:41",912.60000038147,"2024-01-28"
22.7828130866567,-32.3025545960181,"15:41:49",913.60000038147,"2024-01-28"
22.7822978510687,-32.3026670811586,"15:41:56",915.39999961853,"2024-01-28"
22.7818709607402,-32.3027418477349,"15:42:01",915.60000038147,"2024-01-28"
22.7816454875449,-32.3027845116221,"15:42:04",915.60000038147,"2024-01-28"
22.7810059483329,-32.3028943983726,"15:42:13",912.39999961853,"2024-01-28"
22.7801201488057,-32.3030732681863,"15:42:25",908.800000190735,"2024-01-28"
22.7792680445293,-32.3032649623119,"15:42:36",906.400000095367,"2024-01-28"
22.7785389027724,-32.3034676367305,"15:42:46",908.60000038147,"2024-01-28"
22.7781134373674,-32.3036343527846,"15:42:53",910.60000038147,"2024-01-28"
22.7773599880913,-32.3038817865662,"15:43:04",911.39999961853,"2024-01-28"
22.7772791865448,-32.3038883244507,"15:43:05",911.60000038147,"2024-01-28"
22.7771263006309,-32.3038905875646,"15:43:07",911.60000038147,"2024-01-28"
22.7769978060553,-32.3038723150157,"15:43:09",911.39999961853,"2024-01-28"
22.7768099676052,-32.3038112109415,"15:43:12",911.800000190735,"2024-01-28"
22.7766597639004,-32.3037598298751,"15:43:14",912.60000038147,"2024-01-28"
22.7764000925401,-32.3036962950491,"15:43:17",913,"2024-01-28"
22.7762351366857,-32.3036799503379,"15:43:19",912.60000038147,"2024-01-28"
22.7761573526243,-32.303677519586,"15:43:20",912.39999961853,"2024-01-28"
22.7758651594797,-32.3036974685155,"15:43:24",912.39999961853,"2024-01-28"
22.7752637579272,-32.303830824595,"15:43:32",912.199999809265,"2024-01-28"
22.7746107238511,-32.3039658570551,"15:43:41",911,"2024-01-28"
22.774539226217,-32.3039721434824,"15:43:42",911.199999809265,"2024-01-28"
22.7740772157142,-32.3039750771485,"15:43:48",911.800000190735,"2024-01-28"
22.7739971685389,-32.303968455445,"15:43:49",912,"2024-01-28"
22.7734061605463,-32.3038792719953,"15:43:57",912.199999809265,"2024-01-28"
22.7730127140114,-32.3038490971439,"15:44:02",913,"2024-01-28"
22.7727810382078,-32.3038434812687,"15:44:05",913.800000190735,"2024-01-28"
22.7726263920942,-32.3038370272033,"15:44:07",914.39999961853,"2024-01-28"
22.7723088856021,-32.303865274217,"15:44:11",914.60000038147,"2024-01-28"
22.771906973345,-32.3039773402624,"15:44:17",916,"2024-01-28"
22.7718404210338,-32.304005419638,"15:44:18",916,"2024-01-28"
22.7713444638232,-32.3041914978884,"15:44:26",915.800000190735,"2024-01-28"
22.7708818665871,-32.3042312281095,"15:44:33",916,"2024-01-28"
22.7704782779494,-32.3042176494263,"15:44:39",914.800000190735,"2024-01-28"
22.7699172771702,-32.3042386880033,"15:44:47",915,"2024-01-28"
22.7694330546239,-32.3042997920774,"15:44:55",915.199999809265,"2024-01-28"
22.7690216708163,-32.30439651924,"15:45:02",915.199999809265,"2024-01-28"
22.7687533660958,-32.3044359141849,"15:45:05",914.800000190735,"2024-01-28"
22.768574244825,-32.3044409433268,"15:45:07",914.800000190735,"2024-01-28"
22.7683619312177,-32.3044544381909,"15:45:09",914.800000190735,"2024-01-28"
22.7681949637065,-32.3044867085181,"15:45:11",915.199999809265,"2024-01-28"
22.7675801511088,-32.3046464675926,"15:45:18",915.60000038147,"2024-01-28"
22.7672195616344,-32.3046994412206,"15:45:22",915,"2024-01-28"
22.7667793440798,-32.3047631436847,"15:45:27",914,"2024-01-28"
22.7662111348638,-32.304816704046,"15:45:34",913,"2024-01-28"
22.7660737554709,-32.3048422688507,"15:45:36",912.800000190735,"2024-01-28"
22.765426504908,-32.3049793967866,"15:45:45",911,"2024-01-28"
22.7653519059697,-32.3049929754697,"15:45:46",910.800000190735,"2024-01-28"
22.765196673123,-32.305012337666,"15:45:48",910.199999809265,"2024-01-28"
22.7648879676292,-32.305020132836,"15:45:52",910,"2024-01-28"
22.7647630772719,-32.3049955738597,"15:45:54",909.60000038147,"2024-01-28"
22.7646154719571,-32.3049347212427,"15:45:56",910,"2024-01-28"
22.7645502607504,-32.3049008583538,"15:45:57",910.199999809265,"2024-01-28"
22.7644874802956,-32.3048806579672,"15:45:58",910,"2024-01-28"
22.7643257933835,-32.3048472141735,"15:46:00",909.800000190735,"2024-01-28"
22.7642301558683,-32.3048534167819,"15:46:01",909.800000190735,"2024-01-28"
22.7639010823498,-32.3048931470029,"15:46:06",909.60000038147,"2024-01-28"
22.7638404811898,-32.3049016965442,"15:46:07",909.60000038147,"2024-01-28"
22.7634607809762,-32.3049107489996,"15:46:12",908.60000038147,"2024-01-28"
22.7633985872546,-32.3048996848874,"15:46:13",908.60000038147,"2024-01-28"
22.7630923125127,-32.3048226551972,"15:46:17",908.39999961853,"2024-01-28"
22.7630267660299,-32.3048145247512,"15:46:18",908.199999809265,"2024-01-28"
22.7628586250523,-32.3048082383238,"15:46:20",908,"2024-01-28"
22.7627122770229,-32.3048078192286,"15:46:22",908,"2024-01-28"
22.762588224856,-32.3047812485956,"15:46:24",908,"2024-01-28"
22.7624874743799,-32.3047177137695,"15:46:26",907.800000190735,"2024-01-28"
22.7623020666817,-32.3045597987138,"15:46:32",906.800000190735,"2024-01-28"
22.7622270486483,-32.3043799230717,"15:46:37",905.800000190735,"2024-01-28"
22.7619895055125,-32.3040798509382,"15:46:45",905,"2024-01-28"
22.7618551436046,-32.3039465786778,"15:46:49",905,"2024-01-28"
22.761676525248,-32.3038025775813,"15:46:54",904.800000190735,"2024-01-28"
22.761340662388,-32.3036614263319,"15:47:01",905,"2024-01-28"
22.7612037020901,-32.3035748412721,"15:47:06",905,"2024-01-28"
22.7610967490057,-32.3034837299846,"15:47:12",905.199999809265,"2024-01-28"
22.7610925580541,-32.303455650609,"15:47:15",905,"2024-01-28"
22.7610751236955,-32.3034215362631,"15:47:18",905,"2024-01-28"
22.7610614611933,-32.3034162556641,"15:47:19",905,"2024-01-28"
22.760981414018,-32.3034216200821,"15:47:23",904.800000190735,"2024-01-28"
22.7608670010397,-32.3034342767559,"15:47:30",904.400000095367,"2024-01-28"
22.7606171365062,-32.3034222906344,"15:47:35",904,"2024-01-28"
22.7602643422017,-32.3034057782851,"15:47:42",904,"2024-01-28"
22.7600900824348,-32.3034046886377,"15:47:45",904,"2024-01-28"
22.7598599153737,-32.3033978154771,"15:47:50",904,"2024-01-28"
22.7597314207981,-32.303389685031,"15:47:53",904,"2024-01-28"
22.7594315163026,-32.3033766092621,"15:48:00",904.800000190735,"2024-01-28"
22.7593557438979,-32.3033719992154,"15:48:02",904.800000190735,"2024-01-28"
22.7592104016969,-32.3033668862544,"15:48:06",904.800000190735,"2024-01-28"
22.7590762074271,-32.3033673891686,"15:48:10",904.800000190735,"2024-01-28"
22.7589603695253,-32.3033565765135,"15:48:15",905.199999809265,"2024-01-28"
22.7587132710198,-32.3033284971379,"15:48:19",905.400000095367,"2024-01-28"
22.7584028891454,-32.303318103578,"15:48:23",905.400000095367,"2024-01-28"
22.7582657612095,-32.3033170139305,"15:48:25",905.599999904633,"2024-01-28"
22.7577024973163,-32.3032967297249,"15:48:33",905,"2024-01-28"
22.7571879322806,-32.3032222984247,"15:48:41",904.599999904633,"2024-01-28"
22.7569320327768,-32.3031741024815,"15:48:46",904.800000190735,"2024-01-28"
22.7567665740082,-32.3032026847713,"15:48:49",904.800000190735,"2024-01-28"
22.7567265085111,-32.3032265731953,"15:48:50",904.599999904633,"2024-01-28"
22.7564606345425,-32.3033003339432,"15:48:56",904.400000095367,"2024-01-28"
22.7560932557264,-32.3032523894571,"15:49:03",904,"2024-01-28"
22.7557387850413,-32.3031547402851,"15:49:10",904.199999809265,"2024-01-28"
22.75548959106,-32.303122553777,"15:49:14",905,"2024-01-28"
22.7553161694834,-32.3031098132841,"15:49:17",905,"2024-01-28"
22.7547851759175,-32.3030105715506,"15:49:26",905,"2024-01-28"
22.7543153702447,-32.3028780536615,"15:49:34",904.800000190735,"2024-01-28"
22.7537948540578,-32.3026742057763,"15:49:45",905,"2024-01-28"
22.7537507652471,-32.3026143589877,"15:49:49",905,"2024-01-28"
22.7537168185392,-32.302602121409,"15:49:54",905.199999809265,"2024-01-28"
22.7536978754381,-32.302604552161,"15:49:58",905.400000095367,"2024-01-28"
22.7536610788832,-32.3026075696461,"15:50:01",905.400000095367,"2024-01-28"
22.7535228612999,-32.3025335574411,"15:50:06",905.800000190735,"2024-01-28"
22.7532909340391,-32.302374720376,"15:50:13",906,"2024-01-28"
22.7532947058955,-32.3023163823299,"15:50:16",906,"2024-01-28"
22.7533177561293,-32.3022964334004,"15:50:17",905.800000190735,"2024-01-28"
22.7535467497239,-32.3021177312248,"15:50:24",905,"2024-01-28"
22.7534962906668,-32.3019937628769,"15:50:28",904.800000190735,"2024-01-28"
22.7534264694134,-32.3018785117082,"15:50:32",904,"2024-01-28"
22.7533015790561,-32.3018102830164,"15:50:35",903.599999904633,"2024-01-28"
22.7529949690381,-32.3016102069877,"15:50:43",902.599999904633,"2024-01-28"
22.7527243173847,-32.3014227876328,"15:50:51",903,"2024-01-28"
22.7526962380091,-32.3014041798078,"15:50:52",903.200000047684,"2024-01-28"
22.7526256623844,-32.3013504518084,"15:50:55",903.599999904633,"2024-01-28"
22.7525125066916,-32.3012835642211,"15:50:59",904,"2024-01-28"
22.7522782324979,-32.3011253977083,"15:51:07",904.599999904633,"2024-01-28"
22.7522377479056,-32.301066556748,"15:51:09",904.800000190735,"2024-01-28"
22.7522451239804,-32.301026910346,"15:51:11",904.599999904633,"2024-01-28"
22.7522844351063,-32.30101098473,"15:51:13",904.599999904633,"2024-01-28"
22.7523095808158,-32.3009903652482,"15:51:17",904.400000095367,"2024-01-28"
22.7523078206161,-32.300992460724,"15:51:18",904.400000095367,"2024-01-28"
22.7523077367971,-32.3009862581156,"15:51:26",904.400000095367,"2024-01-28"
22.7523077367971,-32.3009862581156,"15:51:27",904.400000095367,"2024-01-28"
22.7523095808158,-32.3009730147086,"15:51:53",904.400000095367,"2024-01-28"
22.7523096646348,-32.3009803069644,"15:52:15",904.400000095367,"2024-01-28"
22.752386778144,-32.3009047860168,"15:52:20",904.199999809265,"2024-01-28"
22.7525805677453,-32.3007525706552,"15:52:26",904,"2024-01-28"
22.7528549912552,-32.3005225712322,"15:52:33",903.599999904633,"2024-01-28"
22.7528603556732,-32.300344958704,"15:52:37",904,"2024-01-28"
22.7528396523723,-32.300297433313,"15:52:38",904.199999809265,"2024-01-28"
22.7528089746067,-32.3002557752542,"15:52:39",904.599999904633,"2024-01-28"
22.7526281769553,-32.3001012129598,"15:52:43",904.800000190735,"2024-01-28"
22.7523374925533,-32.2998663520329,"15:52:49",905.199999809265,"2024-01-28"
22.7522245044986,-32.2997508494072,"15:52:52",905,"2024-01-28"
22.7521801642308,-32.2996739873551,"15:52:54",905,"2024-01-28"
22.752146385161,-32.2995682915561,"15:52:57",905,"2024-01-28"
22.7521167970428,-32.2993113024049,"15:53:03",905,"2024-01-28"
22.7521157912145,-32.2992662077658,"15:53:04",905,"2024-01-28"
22.7521003685126,-32.2990863321237,"15:53:08",904.400000095367,"2024-01-28"
22.7520254342983,-32.2990127390139,"15:53:10",904.400000095367,"2024-01-28"
22.751720752118,-32.2988263254874,"15:53:16",904.199999809265,"2024-01-28"
22.751660150958,-32.2988113218807,"15:53:17",904.199999809265,"2024-01-28"
22.7515947721133,-32.2988023532443,"15:53:18",904.400000095367,"2024-01-28"
22.7513948637227,-32.2988025208824,"15:53:21",904.400000095367,"2024-01-28"
22.7511988110075,-32.2988927939795,"15:53:25",904.800000190735,"2024-01-28"
22.7509895987043,-32.2990010881685,"15:53:29",905.199999809265,"2024-01-28"
22.7509111440906,-32.2990186901651,"15:53:30",905.199999809265,"2024-01-28"
22.7505946434269,-32.2991099690907,"15:53:34",905.599999904633,"2024-01-28"
22.7504648077468,-32.2991701511555,"15:53:36",905.800000190735,"2024-01-28"
22.7501255083064,-32.2993178402893,"15:53:42",906.400000095367,"2024-01-28"
22.749844379274,-32.2994196804129,"15:53:47",906.599999904633,"2024-01-28"
22.7495679441074,-32.2996068483107,"15:53:55",907,"2024-01-28"
22.7494042455385,-32.2996587322913,"15:53:59",907,"2024-01-28"
22.749305255262,-32.2996437286847,"15:54:01",906.800000190735,"2024-01-28"
22.7492725658396,-32.2996256237738,"15:54:02",906.599999904633,"2024-01-28"
22.7491957876066,-32.2995374461524,"15:54:05",907,"2024-01-28"
22.7491858131418,-32.2993700595461,"15:54:10",907,"2024-01-28"
22.7491579014042,-32.2991099690907,"15:54:17",906.800000190735,"2024-01-28"
22.7491832985709,-32.2989183587842,"15:54:22",906.800000190735,"2024-01-28"
22.7492066002617,-32.2988485375308,"15:54:24",906.599999904633,"2024-01-28"
22.7492578975091,-32.2986196277552,"15:54:30",906,"2024-01-28"
22.7493423870931,-32.2983494790159,"15:54:37",906.199999809265,"2024-01-28"
22.7493816982189,-32.2982426097505,"15:54:40",906,"2024-01-28"
22.7494630864987,-32.2979048190527,"15:54:49",906,"2024-01-28"
22.749503403453,-32.2976094407849,"15:54:57",905.599999904633,"2024-01-28"
22.7494085203091,-32.2974506875388,"15:55:02",905.800000190735,"2024-01-28"
22.7493476676921,-32.2972895873599,"15:55:07",906.199999809265,"2024-01-28"
22.7493416327218,-32.2972596639656,"15:55:08",906,"2024-01-28"
22.749210120661,-32.2970839792751,"15:55:14",905.800000190735,"2024-01-28"
22.7490943665782,-32.2968600148224,"15:55:21",905.400000095367,"2024-01-28"
22.7488552308807,-32.2967284189426,"15:55:26",905.800000190735,"2024-01-28"
22.7485953080634,-32.2966460248344,"15:55:30",906.199999809265,"2024-01-28"
22.7484484571198,-32.2965846693032,"15:55:33",906,"2024-01-28"
22.7483736067245,-32.2964278438948,"15:55:37",905.599999904633,"2024-01-28"
22.7483587707559,-32.2963819110654,"15:55:38",905.400000095367,"2024-01-28"
22.7482445254156,-32.2962838427983,"15:55:41",904.800000190735,"2024-01-28"
22.7478950838724,-32.2961859421693,"15:55:46",904,"2024-01-28"
22.7471420536915,-32.2960130235069,"15:55:56",903.799999952316,"2024-01-28"
22.7467796201984,-32.295918308001,"15:56:01",905.400000095367,"2024-01-28"
22.7464381414631,-32.2958303818368,"15:56:06",905.800000190735,"2024-01-28"
22.745946207566,-32.2957080060505,"15:56:13",904.599999904633,"2024-01-28"
22.7457060660401,-32.295651176747,"15:56:16",905.199999809265,"2024-01-28"
22.7450267127881,-32.2954936807864,"15:56:25",905.199999809265,"2024-01-28"
22.7447423148135,-32.2954305650555,"15:56:29",905,"2024-01-28"
22.7445928654799,-32.2954232727997,"15:56:31",904.599999904633,"2024-01-28"
22.7445202781985,-32.2954290563129,"15:56:32",904.599999904633,"2024-01-28"
22.7444460145364,-32.2954417129867,"15:56:33",904.800000190735,"2024-01-28"
22.744172764493,-32.2955195808672,"15:56:37",905.199999809265,"2024-01-28"
22.7438384941945,-32.2955909946822,"15:56:42",905.800000190735,"2024-01-28"
22.7437140229324,-32.2955938445293,"15:56:44",905.800000190735,"2024-01-28"
22.7435515816489,-32.2956093510501,"15:56:47",906,"2024-01-28"
22.7435074090192,-32.2956352511309,"15:56:48",906,"2024-01-28"
22.7432017210106,-32.295820323553,"15:56:54",906.800000190735,"2024-01-28"
22.7428071848283,-32.2960348164551,"15:57:00",906.800000190735,"2024-01-28"
22.7422871715555,-32.296185103979,"15:57:07",906,"2024-01-28"
22.7419671504924,-32.296298930224,"15:57:13",906.599999904633,"2024-01-28"
22.7419594391415,-32.2963301947229,"15:57:14",906.599999904633,"2024-01-28"
22.7419963195155,-32.2963948191963,"15:57:16",906.800000190735,"2024-01-28"
22.7421343694607,-32.2964789735042,"15:57:19",907.199999809265,"2024-01-28"
22.7422419930974,-32.2965308574848,"15:57:21",907.199999809265,"2024-01-28"
22.7423864971081,-32.2966189512871,"15:57:24",907.599999904633,"2024-01-28"
22.7425057715902,-32.2967196179442,"15:57:27",908,"2024-01-28"
22.7428078553805,-32.2969852404557,"15:57:35",908.60000038147,"2024-01-28"
22.7427091165612,-32.2970666287355,"15:57:38",908.800000190735,"2024-01-28"
22.7422674740831,-32.297279277619,"15:57:47",908.60000038147,"2024-01-28"
22.7421848285178,-32.2973501047008,"15:57:52",908.800000190735,"2024-01-28"
